model,accuracy,precision,recall,f1,roc_auc
LogisticRegression,0.84235,0.7512953367875648,0.37796208530805686,0.5029166009774555,0.7839040809952006
RandomForest,0.93415,1.0,0.6879146919431279,0.8151059946651692,0.8491769081986316
XGBoost,0.9337,0.9993098688750862,0.6862559241706161,0.8137117167743748,0.847806712858679
