model,MAE,MSE,RMSE,R2
LinearRegression,119.90426583320121,22464.61805657674,149.88201378610023,0.8596056897991285
RandomForest,122.11803382527184,23300.495112812303,152.64499701206162,0.85438181363852
GradientBoosting,120.39069418851955,22660.850419325852,150.53521322044836,0.8583793209760369
XGBoost,120.61648351436519,22749.286622215837,150.82866644711754,0.8578266323137923
